https://www.google.com/search?q=jacks+bbq+seattle&rlz=1C1GCEU_enUS823US823&oq=jacks+bbq+seattle&aqs=chrome..69i57j0l5.3103j0j4&sourceid=chrome&ie=UTF-8,,,,,
https://www.google.com/search?q=pecos+pit+bbq+seattle+sodo&btnG=Search&rlz=1C1GCEU_enUS823US823,,,,,
https://www.google.com/search?q=roro+bbq+seattle&btnG=Search&rlz=1C1GCEU_enUS823US823,,,,,
https://www.google.com/search?q=woodshop+bbq+seattle&rlz=1C1GCEU_enUS823US823&oq=woodshop+bbq+s&aqs=chrome.0.0j69i57j0l3.6233j0j9&sourceid=chrome&ie=UTF-8,,,,,
https://www.google.com/search?q=big+mario%27s+seattle+leary+way&rlz=1C1GCEU_enUS823US823&hl=en&sa=X&as_q=&spell=1&ved=0ahUKEwi99u-Kwd3gAhULi6wKHa-_BnYQBQgRKAA-,,,,,
https://www.google.com/search?q=can+am+pizza+seattle+redmond&btnG=Search&rlz=1C1GCEU_enUS823US823,,,,,
https://www.google.com/search?q=dinos+seattle&btnG=Search&rlz=1C1GCEU_enUS823US823,,,,,
https://www.google.com/search?q=hot+mamas+seattle&rlz=1C1GCEU_enUS823US823&oq=hot+mamas+seatt&aqs=chrome.0.0j69i57j0l3.3308j0j9&sourceid=chrome&ie=UTF-8,,,,,
https://www.google.com/search?q=pagliacci+seattle+fremont&btnG=Search&rlz=1C1GCEU_enUS823US823,,,,,
https://www.google.com/search?q=proletariat+pizza+seattle&btnG=Search&rlz=1C1GCEU_enUS823US823,,,,,
https://www.google.com/search?rlz=1C1GCEU_enUS823US823&gbv=2&ei=Rll3XNP0IMHYsQXTo4LIBQ&q=zeeks+pizza+-+greenlake+seattle+wa&oq=zeeks+pizza+seattle+green&gs_l=psy-ab.3.0.0i22i30.2826.3572..4295...0.0..0.272.854.2j3j1......0....1..gws-wiz.......0i71j0.Q8WbaSnXax0,,,,,
https://www.google.com/search?q=bennetts+seattle&rlz=1C1GCEU_enUS823US823&oq=bennetts&aqs=chrome.1.69i57j0l5.3265j1j9&sourceid=chrome&ie=UTF-8,,,,,
https://www.google.com/search?rlz=1C1GCEU_enUS823US823&ei=Z1l3XM_BKIO6sgWG96H4Aw&q=dicks+seattle+45th&oq=dicks+seattle+45th&gs_l=psy-ab.3...8174.8926..9162...0.0..0.88.413.5......0....1..gws-wiz.......0i71j0.dUlxgQ2t6nI,,,,,
https://www.google.com/search?rlz=1C1GCEU_enUS823US823&ei=oVl3XKiwHM_SsAXVlqyYBg&q=8oz+burger+seattle+ballard&oq=8oz+burger+seattle+balla&gs_l=psy-ab.3.0.0i22i30.2844.3709..4522...0.0..0.153.752.1j5......0....1..gws-wiz.......0i71j0i13i30j0i8i13i30.7autB7rtS_M,,,,,
https://www.google.com/search?hl=en&authuser=0&rlz=1C1GCEU_enUS823US823&q=jaks+seattle+45th&sa=X&ved=0ahUKEwjnjd6uwt3gAhUEbq0KHSxhCDcQuzEICigA&biw=823&bih=513&dpr=1,,,,,
https://www.google.com/search?hl=en&authuser=0&rlz=1C1GCEU_enUS823US823&biw=823&bih=513&ei=8Fl3XMLrGYXYsAXNz46QDA&q=lil+woodys+ballard&oq=lil+woodys+ballard&gs_l=psy-ab.3..0l2.1364.2186..2310...0.0..0.134.656.1j5......0....1..gws-wiz.......0i71j0i22i10i30j0i22i30.GYjOG5UfYTk,,,,,
https://www.google.com/search?hl=en&authuser=0&rlz=1C1GCEU_enUS823US823&biw=823&bih=513&ei=AVp3XIChG-e7tgX2xakQ&q=lunchbox+laboratory+seattle&oq=lunchbox+labr&gs_l=psy-ab.3.0.0i10l10.9351.11395..12142...0.0..0.179.1270.11j2......0....1..gws-wiz.......0i71j35i39j0i131i67j0i67j0j0i131j0i20i263.G_-GmhqoAVI,,,,,
https://www.google.com/search?hl=en&authuser=0&rlz=1C1GCEU_enUS823US823&biw=823&bih=513&ei=Dlp3XPvsHYqotQXyuqCgDw&q=rain+city+burger+seattle&oq=rain+city+b&gs_l=psy-ab.3.0.0i20i263j0l9.9463.11515..12277...0.0..0.278.1438.5j5j1......0....1..gws-wiz.......0i71j35i39j0i67j0i131j0i10i67j0i131i67j0i131i20i263.dr6u9a79noM,,,,,
https://www.google.com/search?hl=en&authuser=0&rlz=1C1GCEU_enUS823US823&biw=823&bih=513&ei=Llp3XMv-C87UsAWAw5XoAg&q=red+mill+seattle+67th&oq=red+mill+seattle+67th&gs_l=psy-ab.3..33i160l3.10418.11694..11816...0.0..0.177.603.3j2......0....1..gws-wiz.......0i71j0j0i22i30j0i22i10i30j33i22i29i30.p9Jwp5VY7O4,,,,,
https://www.google.com/search?hl=en&authuser=0&rlz=1C1GCEU_enUS823US823&biw=823&bih=513&ei=Ulp3XJWlN5KqtQXP1q3wBg&q=scooters+seattle+burger&oq=scooters+seattle+burger&gs_l=psy-ab.3..0i22i30.2878.4821..4972...0.0..0.345.1068.1j5j0j1......0....1..gws-wiz.......0i71j0.Flf7oxucWFU,,,,,
https://www.google.com/search?hl=en&authuser=0&rlz=1C1GCEU_enUS823US823&biw=823&bih=513&ei=WFp3XPObNM3atQX3mbrYCA&q=twilight+exit+seattle&oq=twilight+exit+s&gs_l=psy-ab.3.0.0i20i263j0l3j0i22i30l4.6838.9206..10016...0.0..0.192.1673.8j7......0....1..gws-wiz.......0i71j35i39j0i131j0i67j0i10.WuJVxuxkYa4,,,,,
